Student_ID,pre_knowl,post_knowl,knowledge gain,E1,E1_total_tasks,E1_tasks_completed,E1_task_complexity,E1_total_hints,E1_hints_used,E1_total_materials,E1_addMat_used,E1_total_activity_count,E2,E2_total_tasks,E2_tasks_completed,E2_task_complexity,E2_total_materials,E2_addMat_used,E2_total_activity_count,E3,E3_total_tasks,E3_tasks_completed,E3_task_complexity,E3_total_hints,E3_hints_used,E3_total_materials,E3_addMat_used,E3_total_activity_count,E4,E4_total_tasks,E4_tasks_completed,E4_task_complexity,E4_total_hints,E4_hints_used,E4_total_activity_count,E5,E5_total_tasks,E5_tasks_completed,E5_task_complexity,E5_total_hints,E5_hints_used,E5_total_materials,E5_addMat_used,E5_total_activity_count,E6,E6_total_tasks,E6_tasks_completed,E6_task_complexity,E6_total_materials,E6_addMat_used,E6_total_activity_count,E7,E7_total_tasks,E7_tasks_completed,E7_task_complexity,E7_total_hints,E7_hints_used,E7_total_materials,E7_addMat_used,E7_total_activity_count,E8,E8_total_tasks,E8_tasks_completed,E8_task_complexity,E8_total_hints,E8_hints_used,E8_total_materials,E8_addMat_used,E8_total_activity_count,E9,E9_total_tasks,E9_tasks_completed,E9_task_complexity,E9_total_hints,E9_hints_used,E9_total_materials,E9_addMat_used,E9_total_activity_count,E10,E10_total_tasks,E10_tasks_completed,E10_task_complexity,E10_total_hints,E10_hints_used,E10_total_materials,E10_addMat_used,E10_total_activity_count,E11,E11_total_tasks,E11_tasks_completed,E11_task_complexity,E11_total_hints,E11_hints_used,E11_total_materials,E11_addMat_used,E11_total_activity_count,E12,E12_total_tasks,E12_tasks_completed,E12_task_complexity,E12_total_hints,E12_hints_used,E12_total_materials,E12_addMat_used,E12_total_activity_count,E13,E13_total_tasks,E13_tasks_completed,E13_task_complexity,E13_total_hints,E13_hints_used,E13_total_materials,E13_addMat_used,E13_total_activity_count,E14,E14_total_tasks,E14_tasks_completed,E14_task_complexity,E14_total_hints,E14_hints_used,E14_total_materials,E14_addMat_used,E14_total_activity_count,Gender,T5_learning difficulty,T2_Post_effectiveness,T4_Post_needforhelp,T7_shared_control_student,T8_shared_teacher,T11__cogn_load,T13_own_effort,T14_TAM_easy
keila1,0.49,0.6,0.11,0.22,8,87.5,1.43,3,0,2,0,42,104,7,100,1,2,0,110,119,9,0,N/A,5,0,2,0,0,124,2,0,N/A,10,0,0,132,9,0,N/A,0,0,3,0,0,157,4,50,1,2,0,32,164,5,80,1,3,66.67,1,0,61,175,12,100,1.83,0,0,2,0,240,192,16,0,N/A,2,0,2,0,0,225,11,100,1,1,0,2,0,128,233,7,100,2.57,0,0,1,0,130,260,15,53.33,1.13,9,11.11,2,0,178,275,2,100,1,1,0,0,0,46,284,8,62.5,1.8,0,0,4,0,82,2,,4.67,4.5,5.00,3.00,1.00,5.00,3.80
keila2,0.86,0.97,0.11,0.79,8,87.5,1.43,3,66.67,2,0,75,104,7,100,1,2,0,155,119,9,77.78,1.43,5,0,2,0,111,124,2,0,N/A,10,0,2,132,9,88.89,1.38,0,0,3,0,218,157,4,75,1,2,0,69,164,5,100,1,3,33.33,1,0,77,175,12,100,1.83,1,33.33,2,0,280,192,16,93.75,1.93,2,0,2,0,315,225,11,72.73,1,1,100,2,0,128,233,7,100,2.57,0,0,1,0,165,260,15,100,1.87,9,11.11,2,0,337,275,2,100,1,1,0,0,0,46,284,8,62.5,1.8,0,0,4,0,79,1,3.4,1.67,3,5.00,5.00,5.00,5.00,4.20
keila3,N/A,N/A,N/A,75,8,37.5,1.33,3,0,2,0,28,104,7,28.57,1,2,0,26,119,9,0,N/A,5,0,2,0,0,124,2,0,N/A,10,0,0,132,9,33.33,1.33,0,0,3,0,86,157,4,50,1,2,0,30,164,5,60,1,3,33.33,1,0,28,175,12,16.67,1.5,0,0,2,0,11,192,16,18.75,1.67,2,0,2,0,25,225,11,0,N/A,1,0,2,0,0,233,7,28.57,2.5,0,0,1,0,16,260,15,20,2,9,11.11,2,0,49,275,2,100,1,1,0,0,0,62,284,8,12.5,1,0,0,4,0,39,1,3.6,3.00,3,3.25,3.00,3.00,3.00,3.60
keila4,0.93,0.97,0.04,75,8,50,1.5,3,66.67,2,0,73,104,7,85.71,1,2,0,117,119,9,44.44,1.25,5,20,2,0,113,124,2,50,1,10,0,103,132,9,33.33,1.33,0,0,3,0,98,157,4,75,1,2,0,40,164,5,100,1,3,0,1,0,131,175,12,58.33,1.71,0,0,2,0,221,192,16,56.25,1.67,2,0,2,0,175,225,11,81.82,1,1,0,2,0,179,233,7,42.86,2.67,0,0,1,0,146,260,15,53.33,2,9,0,2,0,213,275,2,100,1,1,0,0,0,55,284,8,62.5,1.8,0,0,4,0,138,2,2.8,3.00,2,3.25,4.75,2.63,3.75,3.80
keila5,0.88,0.87,-0.01,75,8,50,1.5,3,33.33,2,0,41,104,7,85.71,1,2,0,157,119,9,22.22,1.5,5,0,2,0,44,124,2,0,N/A,10,0,0,132,9,33.33,1.33,0,0,3,0,103,157,4,25,1,2,0,14,164,5,100,1,3,66.67,1,0,117,175,12,66.67,1.88,1,33.33,2,0,222,192,16,43.75,1.29,2,0,2,0,157,225,11,90.91,1,1,100,2,0,179,233,7,71.43,2.8,0,0,1,0,116,260,15,0,N/A,9,0,2,0,0,275,2,100,1,1,0,0,0,94,284,8,62.5,1.8,0,0,4,0,66,2,2.6,2.67,3,2.75,3.75,2.88,2.75,4.60
keila6,0.82,1,0.18,75,8,87.5,1.43,3,0,2,0,91,104,7,0,N/A,2,0,1,119,9,88.89,1.38,5,0,2,0,159,124,2,0,N/A,10,0,68,132,9,66.67,1.5,0,0,3,0,168,157,4,50,1,2,0,71,164,5,100,1,3,0,1,0,88,175,12,8.33,1,0,0,2,0,35,192,16,93.75,1.93,2,0,2,0,295,225,11,45.45,1,1,0,2,0,76,233,7,100,2.57,0,0,1,0,243,260,15,93.33,1.79,9,0,2,0,266,275,2,100,1,1,0,0,0,97,284,8,62.5,1.8,0,0,4,0,311,1,3.6,2.17,3,3.75,3.75,2.63,3.25,3.60
keila7,1,1,N/A,75,8,75,1.33,3,0,2,0,57,104,7,42.86,1,2,0,24,119,9,33.33,1.33,5,0,2,0,33,124,2,0,N/A,10,0,1,132,9,33.33,1.33,0,0,3,0,120,157,4,0,N/A,2,0,0,164,5,60,1,3,33.33,1,0,52,175,12,25,2,0,0,2,0,48,192,16,25,1.5,2,0,2,0,144,225,11,27.27,1,1,0,2,0,45,233,7,28.57,2.5,0,0,1,0,63,260,15,20,2,9,11.11,2,0,126,275,2,100,1,1,0,0,0,68,284,8,62.5,1.8,0,0,4,0,90,2,2.8,4.00,3.5,3.50,4.25,2.63,3.00,3.00
keila8,1,1,N/A,75,8,75,1.33,3,0,2,0,60,104,7,42.86,1,2,0,39,119,9,22.22,1.5,5,0,2,0,25,124,2,0,N/A,10,0,3,132,9,33.33,1.33,0,0,3,0,119,157,4,0,N/A,2,0,2,164,5,60,1,3,33.33,1,0,54,175,12,41.67,1.8,0,0,2,0,97,192,16,18.75,1,2,0,2,0,126,225,11,9.09,1,1,0,2,0,36,233,7,57.14,2.5,0,0,1,0,112,260,15,40,2,9,11.11,2,0,219,275,2,100,1,1,0,0,0,61,284,8,100,1.63,0,0,4,0,187,2,2.8,2.83,2.5,3.50,2.75,3.00,3.25,3.60
keila9,,,,75,8,50,1.5,3,0,2,0,34,104,7,85.71,1,2,0,109,119,9,0,N/A,5,0,2,0,0,124,2,0,N/A,10,0,0,132,9,0,N/A,0,0,3,0,21,157,4,0,N/A,2,0,0,164,5,0,N/A,3,0,1,0,0,175,12,0,N/A,0,0,2,0,0,192,16,0,N/A,2,0,2,0,0,225,11,90.91,1,1,0,2,0,179,233,7,100,2.57,0,0,1,0,173,260,15,46.67,1.86,9,11.11,2,0,190,275,2,100,1,1,0,0,0,78,284,8,12.5,1,0,0,4,0,33,2,4.4,2.00,2.5,2.75,3.00,3.13,2.25,3.20
keila11,0.9,0.92,0.02,75,8,87.5,1.43,3,0,2,0,60,104,7,100,1,2,0,95,119,9,55.56,1.6,5,0,2,0,52,124,2,0,N/A,10,0,1,132,9,44.44,1.25,0,0,3,0,109,157,4,0,N/A,2,0,0,164,5,100,1,3,33.33,1,0,84,175,12,75,1.56,0,0,2,0,284,192,16,56.25,1.67,2,0,2,0,186,225,11,90.91,1,1,0,2,0,151,233,7,71.43,2.4,0,0,1,0,126,260,15,60,1.89,9,0,2,0,180,275,2,100,1,1,0,0,0,47,284,8,62.5,1.8,0,0,4,0,67,1,3.8,3.67,2.5,4.00,3.50,2.88,3.50,3.60
keila12,1,1,N/A,75,8,37.5,1.33,3,0,2,0,30,104,7,42.86,1,2,0,52,119,9,22.22,1.5,5,0,2,0,24,124,2,0,N/A,10,0,0,132,9,33.33,1.33,0,0,3,0,87,157,4,0,N/A,2,0,0,164,5,100,1,3,33.33,1,0,88,175,12,33.33,1.75,0,0,2,0,68,192,16,6.25,1,2,0,2,0,25,225,11,9.09,1,1,0,2,0,4,233,7,28.57,2.5,0,0,1,0,54,260,15,20,2,9,0,2,0,74,275,2,50,1,1,0,0,0,4,284,8,62.5,1.8,0,0,4,0,107,3,2.6,1.83,3.5,3.00,3.50,3.00,3.25,3.00
keila13,1,1,N/A,75,8,37.5,1.33,3,0,2,0,32,104,7,100,1,2,0,80,119,9,66.67,1.5,5,0,2,0,54,124,2,0,N/A,10,0,1,132,9,44.44,1.25,0,0,3,0,202,157,4,0,N/A,2,0,0,164,5,100,1,3,33.33,1,0,82,175,12,25,2,0,0,2,0,47,192,16,87.5,1.86,2,100,2,0,327,225,11,90.91,1,1,100,2,0,149,233,7,85.71,2.67,0,0,1,0,142,260,15,80,"2,N/A8",9,0,2,0,286,275,2,100,1,1,0,0,0,62,284,8,62.5,1.2,0,0,4,0,117,1,3,2.00,4,3.00,4.00,3.88,3.50,2.20
keila14,0.8,1,0.2,75,8,87.5,1.43,3,66.67,2,0,64,104,7,100,1,2,0,76,119,9,66.67,1.5,5,0,2,0,65,124,2,0,N/A,10,0,68,132,9,100,1.33,0,0,3,0,166,157,4,75,1,2,0,46,164,5,100,1,3,33.33,1,0,75,175,12,100,1.83,0,0,2,0,213,192,16,93.75,1.93,2,0,2,0,364,225,11,90.91,1,1,100,2,0,113,233,7,85.71,2.5,0,0,1,0,97,260,15,100,1.87,9,0,2,0,283,275,2,100,1,1,0,0,0,52,284,8,100,1.63,0,0,4,0,239,3,2.6,3.00,3,3.00,3.00,3.00,3.00,3.00
keila15,1,1,N/A,75,8,0,N/A,3,0,2,0,4,104,7,0,N/A,2,0,0,119,9,0,N/A,5,0,2,0,0,124,2,0,N/A,10,0,0,132,9,33.33,1.33,0,0,3,0,99,157,4,0,N/A,2,0,0,164,5,40,1,3,33.33,1,0,29,175,12,25,2,0,0,2,0,20,192,16,6.25,1,2,0,2,0,12,225,11,9.09,1,1,0,2,0,4,233,7,14.29,2,0,0,1,0,30,260,15,6.67,1,9,0,2,0,29,275,2,50,1,1,0,0,0,8,284,8,62.5,1.8,0,0,4,0,97,2,2.6,3.83,2.5,4.00,3.75,2.13,3.75,5.00
keila16,0.99,0.97,-0.02,75,8,87.5,1.43,3,33.33,2,0,60,104,7,42.86,1,2,0,37,119,9,22.22,1.5,5,0,2,0,16,124,2,0,N/A,10,0,20,132,9,55.56,1.2,0,0,3,0,197,157,4,50,1,2,0,25,164,5,100,1,3,33.33,1,0,42,175,12,75,1.56,1,33.33,2,0,170,192,16,56.25,1.67,2,0,2,0,93,225,11,81.82,1,1,100,2,0,128,233,7,42.86,2.67,0,0,1,0,30,260,15,46.67,1.86,9,11.11,2,0,109,275,2,100,1,1,0,0,0,50,284,8,62.5,1.8,0,0,4,0,67,1,5.2,5.00,5,3.50,2.50,3.38,4.00,3.00
keila19,0.8,1,0.2,75,8,87.5,1.43,3,66.67,2,0,51,104,7,100,1,2,0,171,119,9,0,N/A,5,0,2,0,1,124,2,0,N/A,10,0,0,132,9,0,N/A,0,0,3,0,0,157,4,50,1,2,0,45,164,5,100,1,3,100,1,0,175,175,12,16.67,1,0,0,2,0,94,192,16,87.5,2,2,0,2,0,157,225,11,45.45,1,1,100,2,0,84,233,7,100,2.57,0,0,1,0,149,260,15,80,1.83,9,0,2,0,178,275,2,100,1,1,0,0,0,161,284,8,100,1.63,0,0,4,0,170,1,4,3.50,2.5,3.25,3.75,2.88,3.50,3.80
keila20,1,1,N/A,75,8,87.5,1.43,3,100,2,0,109,104,7,85.71,1,2,0,72,119,9,66.67,1.5,5,0,2,0,73,124,2,50,1,10,0,73,132,9,88.89,1.25,0,0,3,0,228,157,4,75,1,2,0,33,164,5,100,1,3,66.67,1,0,51,175,12,100,1.83,0,0,2,0,270,192,16,81.25,1.77,2,0,2,0,247,225,11,90.91,1,1,0,2,0,175,233,7,100,2.57,0,0,1,0,141,260,15,100,1.87,9,0,2,0,297,275,2,100,1,1,0,0,0,95,284,8,50,1,0,0,4,0,87,1,3.8,1.00,1,2.25,2.75,3.13,2.50,3.00
lagedi2,0.96,0.95,0.01,75,8,25,1.5,3,0,2,0,26,104,7,0,N/A,2,0,0,119,9,0,N/A,5,0,2,0,0,124,2,0,N/A,10,80,168,132,9,11.11,1,0,0,3,0,43,157,4,0,N/A,2,0,0,164,5,60,1,3,33.33,1,0,25,175,12,58.33,1.57,0,0,2,0,259,192,16,68.75,1.73,2,0,2,0,178,225,11,90.91,1,1,0,2,0,139,233,7,42.86,2.33,0,0,1,0,73,260,15,66.67,1.4,9,0,2,0,303,275,2,50,1,1,0,0,0,79,284,8,100,1.63,0,0,4,0,182,2,3.8,3.50,3.5,3.00,3.50,3.63,4.00,3.60
lagedi3,0.67,0.96,0.29,75,8,62.5,1.2,3,33.33,2,0,69,104,7,28.57,1,2,0,10,119,9,33.33,1.33,5,0,2,0,47,124,2,0,N/A,10,0,50,132,9,66.67,1.5,0,0,3,0,187,157,4,50,1,2,0,38,164,5,80,1,3,0,1,0,101,175,12,58.33,1.57,0,0,2,0,163,192,16,25,1,2,50,2,0,88,225,11,63.64,1,1,0,2,0,106,233,7,28.57,2.5,0,0,1,0,22,260,15,60,1.44,9,11.11,2,0,141,275,2,100,1,1,0,0,0,52,284,8,0,N/A,0,0,4,0,0,2,3.6,3.33,2.5,3.50,4.00,2.50,4.25,4.20
lagedi4,0.93,0.98,0.05,75,8,37.5,1.33,3,33.33,2,0,39,104,7,71.43,1,2,0,64,119,9,66.67,1.5,5,0,2,0,64,124,2,0,N/A,10,0,28,132,9,44.44,1.75,0,0,3,0,147,157,4,0,N/A,2,0,0,164,5,80,1,3,33.33,1,0,45,175,12,91.67,1.73,2,66.67,2,0,262,192,16,43.75,1,2,0,2,0,112,225,11,81.82,1,1,0,2,0,218,233,7,100,2.57,0,0,1,0,142,260,15,73.33,1.45,9,11.11,2,0,235,275,2,0,N/A,1,0,0,0,8,284,8,37.5,1.67,0,0,4,0,119,1,2.6,2.83,2.5,3.50,4.00,2.38,4.25,4.00
lagedi5,0.85,0.83,-0.02,75,8,75,1.5,3,0,2,0,89,104,7,100,1,2,0,101,119,9,0,N/A,5,0,2,0,0,124,2,0,N/A,10,10,33,132,9,0,N/A,0,0,3,0,0,157,4,0,N/A,2,0,0,164,5,60,1,3,33.33,1,0,36,175,12,25,1.67,1,33.33,2,0,76,192,16,37.5,1,2,0,2,0,86,225,11,90.91,1,1,0,2,0,129,233,7,28.57,2,0,0,1,0,40,260,15,33.33,1.4,9,11.11,2,0,102,275,2,50,1,1,0,0,0,52,284,8,12.5,1,0,0,4,0,22,1,5,3.33,3.5,2.75,3.50,3.00,2.25,3.00
lagedi6,0.8,0.8,N/A,75,8,37.5,1.33,3,33.33,2,0,67,104,7,57.14,1,2,0,70,119,9,44.44,1.75,5,0,2,0,75,124,2,0,N/A,10,0,51,132,9,100,1.33,0,0,3,0,210,157,4,0,N/A,2,0,0,164,5,60,1,3,33.33,1,0,31,175,12,100,1.83,1,33.33,2,0,251,192,16,37.5,1,2,0,2,0,76,225,11,90.91,1,1,0,2,0,139,233,7,85.71,2.5,0,0,1,0,81,260,15,80,1.67,9,11.11,2,0,233,275,2,50,1,1,0,0,0,23,284,8,50,1.75,0,0,4,0,139,1,2.6,1.67,5,4.00,4.00,4.00,3.75,5.00
lagedi7,0.84,0.93,0.09,75,8,37.5,1.33,3,0,2,0,50,104,7,14.29,1,2,0,3,119,9,44.44,1.75,5,20,2,0,40,124,2,0,N/A,10,0,12,132,9,66.67,1.5,0,0,3,0,120,157,4,0,N/A,2,0,1,164,5,100,1,3,66.67,1,0,63,175,12,58.33,1.29,0,0,2,0,184,192,16,31.25,1,2,0,2,0,62,225,11,63.64,1,1,0,2,0,183,233,7,57.14,2.25,0,0,1,0,55,260,15,80,"2,N/A8",9,11.11,2,0,231,275,2,100,1,1,0,0,0,54,284,8,37.5,1,0,0,4,0,67,2,2,4.67,1,5.00,4.50,1.00,4.50,5.00
lagedi8,0.76,0.9,0.14,75,8,62.5,1.2,3,33.33,2,0,54,104,7,57.14,1,2,0,60,119,9,33.33,2,5,0,2,0,24,124,2,0,N/A,10,20,65,132,9,33.33,1.67,0,0,3,0,93,157,4,0,N/A,2,0,0,164,5,80,1,3,33.33,1,0,33,175,12,91.67,1.91,2,66.67,2,0,177,192,16,37.5,1,2,50,2,0,82,225,11,81.82,1,1,100,2,0,105,233,7,57.14,2.25,0,0,1,0,74,260,15,53.33,1.5,9,11.11,2,0,116,275,2,50,1,1,0,0,0,48,284,8,100,1.63,0,0,4,0,162,1,3,2.33,4.5,3.75,4.00,4.25,3.00,3.20
lagedi9,0.92,0.93,0.01,75,8,37.5,1.33,3,33.33,2,0,83,104,7,42.86,1,2,0,58,119,9,22.22,1.5,5,0,2,0,62,124,2,0,N/A,10,0,1,132,9,33.33,1.33,0,0,3,0,191,157,4,0,N/A,2,0,0,164,5,80,1,3,66.67,1,0,89,175,12,58.33,1.57,0,0,2,0,186,192,16,31.25,1,2,0,2,0,104,225,11,45.45,1,1,0,2,0,65,233,7,57.14,2.25,0,0,1,0,97,260,15,73.33,2,9,11.11,2,0,308,275,2,100,1,1,0,0,0,52,284,8,12.5,1,0,0,4,0,38,2,2.4,3.17,3,3.50,3.50,1.88,2.75,3.60
lagedi10,0.69,0.78,0.09,75,8,62.5,1.6,3,33.33,2,0,88,104,7,14.29,1,2,0,10,119,9,22.22,1.5,5,0,2,0,20,124,2,50,1,10,20,69,132,9,66.67,1.5,0,0,3,0,330,157,4,0,N/A,2,0,0,164,5,60,1,3,33.33,1,0,53,175,12,41.67,1.4,3,100,2,0,192,192,16,43.75,1,2,50,2,0,94,225,11,90.91,1,1,100,2,0,168,233,7,42.86,2,0,0,1,0,41,260,15,66.67,1.9,9,0,2,0,141,275,2,100,1,1,0,0,0,97,284,8,100,1.63,0,0,4,0,154,3,5,3.33,3.5,3.00,4.50,2.50,3.50,4.60
lagedi11,0.87,0.82,-0.05,75,8,37.5,1.33,3,33.33,2,0,59,104,7,71.43,1,2,0,75,119,9,33.33,1.67,5,40,2,0,81,124,2,0,N/A,10,0,0,132,9,33.33,1,0,0,3,0,162,157,4,0,N/A,2,0,0,164,5,60,1,3,33.33,1,0,19,175,12,25,1.67,1,33.33,2,0,86,192,16,37.5,1,2,0,2,0,111,225,11,90.91,1,1,0,2,0,175,233,7,14.29,2,0,0,1,0,18,260,15,53.33,1.5,9,11.11,2,0,196,275,2,100,1,1,0,0,0,76,284,8,0,N/A,0,0,4,0,0,1,4.2,3.50,3.5,2.75,4.75,3.25,4.00,3.00
lagedi12,0.72,0.57,-0.15,75,8,37.5,1.33,3,0,2,0,38,104,7,57.14,1,2,0,30,119,9,33.33,2,5,0,2,0,66,124,2,0,N/A,10,0,39,132,9,55.56,1.6,0,0,3,0,80,157,4,0,N/A,2,0,2,164,5,0,N/A,3,0,1,0,0,175,12,25,2.33,1,33.33,2,0,51,192,16,31.25,1,2,50,2,0,76,225,11,90.91,1,1,0,2,0,110,233,7,71.43,2.4,0,0,1,0,64,260,15,6.67,2,9,0,2,0,53,275,2,100,1,1,0,0,0,106,284,8,37.5,1,0,0,4,0,48,1,3.8,4.00,1.5,3.75,4.00,1.38,4.00,4.00
lagedi13,0.61,0.83,0.22,75,8,50,1.5,3,33.33,2,0,44,104,7,57.14,1,2,0,44,119,9,44.44,1.75,5,0,2,0,64,124,2,0,N/A,10,30,55,132,9,11.11,1,0,0,3,0,28,157,4,0,N/A,2,0,0,164,5,100,1,3,100,1,0,74,175,12,66.67,1.38,0,0,2,0,188,192,16,31.25,1,2,50,2,0,89,225,11,72.73,1,1,0,2,0,78,233,7,42.86,2,0,0,1,0,54,260,15,0,N/A,9,0,2,0,0,275,2,100,1,1,0,0,0,49,284,8,100,1.63,0,0,4,0,169,2,3.8,3.17,3.5,3.00,3.50,3.00,3.50,2.20
lagedi15,1,1,N/A,75,8,37.5,1.33,3,33.33,2,0,29,104,7,14.29,1,2,0,3,119,9,44.44,1.75,5,0,2,0,48,124,2,50,1,10,60,157,132,9,11.11,1,0,0,3,0,67,157,4,0,N/A,2,0,0,164,5,100,1,3,66.67,1,0,118,175,12,58.33,2.43,2,66.67,2,0,207,192,16,81.25,1.77,2,100,2,0,266,225,11,90.91,1,1,100,2,0,172,233,7,57.14,2.25,0,0,1,0,107,260,15,100,1.87,9,22.22,2,0,635,275,2,100,1,1,0,0,0,59,284,8,100,1.63,0,0,4,0,216,2,4.8,3.83,3,3.00,3.00,2.75,3.50,4.20
lagedi16,1,1,N/A,75,8,87.5,1.43,3,33.33,2,50,75,104,7,100,1,2,0,90,119,9,77.78,1.43,5,0,2,0,101,124,2,50,1,10,20,79,132,9,66.67,1.5,0,0,3,0,124,157,4,0,N/A,2,0,0,164,5,100,1,3,0,1,0,42,175,12,100,1.83,0,0,2,0,236,192,16,87.5,1.86,2,0,2,0,244,225,11,90.91,1,1,0,2,0,111,233,7,100,2.57,0,0,1,0,137,260,15,100,1.87,9,0,2,0,419,275,2,100,1,1,0,0,0,99,284,8,100,1.63,0,0,4,0,141,2,3.6,4.67,3,3.00,3.00,1.75,3.25,4.00
lagedi17,0.98,1,0.02,75,8,37.5,1.33,3,33.33,2,0,34,104,7,14.29,1,2,0,5,119,9,44.44,1.75,5,0,2,0,186,124,2,0,N/A,10,0,68,132,9,88.89,1.38,0,0,3,0,466,157,4,0,N/A,2,0,0,164,5,100,1,3,33.33,1,0,82,175,12,91.67,1.82,1,33.33,2,0,380,192,16,81.25,1.77,2,0,2,0,258,225,11,9.09,1,1,0,2,0,5,233,7,14.29,3,0,0,1,0,43,260,15,100,1.87,9,0,2,0,483,275,2,100,1,1,0,0,0,61,284,8,100,1.63,0,0,4,0,206,2,3.6,3.50,1.5,3.00,3.50,2.63,3.50,4.40
lagedi18,0.83,0.95,0.12,75,8,62.5,1.2,3,33.33,2,0,55,104,7,57.14,1,2,0,46,119,9,44.44,1.75,5,40,2,0,118,124,2,50,1,10,20,65,132,9,66.67,1.5,0,0,3,0,122,157,4,0,N/A,2,0,0,164,5,100,1,3,33.33,1,0,64,175,12,66.67,1.5,1,33.33,2,0,166,192,16,62.5,1.6,2,50,2,0,156,225,11,90.91,1,1,100,2,0,97,233,7,42.86,2.33,0,0,1,0,60,260,15,60,2,9,11.11,2,0,179,275,2,100,1,1,0,0,0,49,284,8,62.5,1.8,0,0,4,0,108,1,3.6,3.00,3.5,4.25,3.25,3.75,2.25,4.40
lagedi19,0.94,0.83,-0.11,75,8,87.5,1.43,3,33.33,2,0,65,104,7,57.14,1,2,0,51,119,9,55.56,1.6,5,20,2,50,109,124,2,0,N/A,10,20,55,132,9,66.67,1.5,0,0,3,0,115,157,4,0,N/A,2,0,0,164,5,100,1,3,0,1,0,41,175,12,75,1.67,0,0,2,0,168,192,16,68.75,1.55,2,0,2,0,140,225,11,72.73,1,1,0,2,0,82,233,7,42.86,2.33,0,0,1,0,42,260,15,60,2.22,9,0,2,0,203,275,2,100,1,1,0,0,0,48,284,8,50,2.25,0,0,4,0,70,1,3,3.17,3,4.25,3.75,3.00,3.25,4.60
lagedi21,0.8,1,0.2,75,8,37.5,1.33,3,33.33,2,0,35,104,7,57.14,1,2,100,55,119,9,44.44,1.75,5,0,2,0,51,124,2,50,1,10,0,67,132,9,44.44,1.25,0,0,3,0,75,157,4,0,N/A,2,0,2,164,5,100,1,3,0,1,0,51,175,12,83.33,1.9,2,66.67,2,0,209,192,16,62.5,1.6,2,0,2,0,154,225,11,0,N/A,1,0,2,0,0,233,7,14.29,3,0,0,1,0,21,260,15,66.67,1.7,9,0,2,0,139,275,2,100,1,1,0,0,0,48,284,8,12.5,3,0,0,4,0,27,1,2.8,4.67,2,4.00,4.75,2.88,4.00,4.00
lagedi22,0.97,0.98,0.01,75,8,75,1.5,3,33.33,2,0,48,104,7,42.86,1,2,0,59,119,9,22.22,1.5,5,0,2,0,20,124,2,50,1,10,70,119,132,9,11.11,1,0,0,3,0,34,157,4,0,N/A,2,0,0,164,5,100,1,3,66.67,1,0,105,175,12,58.33,2.14,1,33.33,2,0,184,192,16,62.5,1.4,2,50,2,0,205,225,11,90.91,1,1,100,2,0,131,233,7,57.14,2.25,0,0,1,0,80,260,15,100,1.87,9,22.22,2,0,467,275,2,100,1,1,0,0,0,60,284,8,0,N/A,0,0,4,0,0,2,2.4,3.83,3,3.50,3.75,2.00,3.50,3.80
lagedi23,0.72,0.94,0.22,75,8,62.5,1.2,3,33.33,2,50,52,104,7,100,1,2,100,70,119,9,11.11,1,5,20,2,0,49,124,2,50,1,10,70,109,132,9,100,1.33,0,0,3,0,192,157,4,0,N/A,2,0,0,164,5,100,1,3,100,1,0,56,175,12,66.67,1.5,1,33.33,2,0,179,192,16,75,1.67,2,50,2,0,133,225,11,90.91,1,1,100,2,0,160,233,7,42.86,2.33,0,0,1,0,57,260,15,73.33,1.64,9,22.22,2,0,189,275,2,100,1,1,0,0,0,141,284,8,87.5,1.57,0,0,4,0,131,3,3.2,3.00,4,3.00,3.75,3.13,3.50,3.60
lagedi24,1,0.98,-0.02,75,8,62.5,1.2,3,33.33,2,0,53,104,7,57.14,1,2,50,64,119,9,44.44,1.75,5,20,2,0,76,124,2,50,1,10,10,70,132,9,66.67,1.5,0,0,3,0,176,157,4,0,N/A,2,0,0,164,5,100,1,3,0,1,0,56,175,12,66.67,1.5,0,0,2,0,208,192,16,68.75,1.55,2,0,2,0,232,225,11,0,N/A,1,0,2,0,0,233,7,14.29,3,0,0,1,0,38,260,15,33.33,1.4,9,0,2,0,109,275,2,100,1,1,0,0,0,57,284,8,87.5,1.43,0,0,4,0,141,1,5,3.67,2,4.50,2.50,2.00,2.50,4.80
maleva2,,0.17,N/A,75,8,25,1.5,3,0,2,0,21,104,7,0,N/A,2,0,0,119,9,0,N/A,5,0,2,0,0,124,2,0,N/A,10,0,0,132,9,0,N/A,0,0,3,0,0,157,4,0,N/A,2,0,0,164,5,60,1,3,33.33,1,0,21,175,12,0,N/A,0,0,2,0,0,192,16,6.25,1,2,0,2,0,52,225,11,0,N/A,1,0,2,0,0,233,7,0,N/A,0,0,1,0,0,260,15,6.67,1,9,11.11,2,0,14,275,2,100,1,1,0,0,0,211,284,8,0,N/A,0,0,4,0,0,3,4.2,3.17,3,2.75,3.00,2.50,3.25,2.60
maleva7,0.86,0.96,0.1,75,8,25,1.5,3,0,2,0,51,104,7,0,N/A,2,0,0,119,9,0,N/A,5,0,2,0,0,124,2,0,N/A,10,0,0,132,9,33.33,1.33,0,0,3,0,92,157,4,0,N/A,2,0,0,164,5,100,1,3,0,1,0,67,175,12,16.67,1,0,0,2,0,66,192,16,50,2.25,2,50,2,0,204,225,11,9.09,1,1,0,2,0,5,233,7,14.29,2,0,0,1,0,22,260,15,53.33,1.25,9,22.22,2,0,223,275,2,100,1,1,0,0,0,56,284,8,100,1.63,0,0,4,0,155,1,4,3.67,2,3.50,4.75,2.88,4.50,3.00
maleva18,0.93,N/A,N/A,75,8,37.5,1.33,3,0,2,0,53,104,7,42.86,1,2,0,38,119,9,22.22,1.5,5,0,2,0,45,124,2,0,N/A,10,0,0,132,9,0,N/A,0,0,3,0,0,157,4,0,N/A,2,0,0,164,5,0,N/A,3,0,1,0,11,175,12,0,N/A,0,0,2,0,0,192,16,0,N/A,2,0,2,0,0,225,11,0,N/A,1,0,2,0,0,233,7,0,N/A,0,0,1,0,0,260,15,0,N/A,9,0,2,0,0,275,2,100,1,1,0,0,0,64,284,8,37.5,1,0,0,4,0,67,1,6,2.67,2.5,3.75,5.00,4.38,3.75,2.80
maleva25,1,1,N/A,75,8,25,1.5,3,33.33,2,0,69,104,7,0,N/A,2,0,0,119,9,0,N/A,5,0,2,0,0,124,2,0,N/A,10,0,0,132,9,33.33,1.33,0,0,3,0,80,157,4,25,1,2,0,13,164,5,100,1,3,100,1,0,94,175,12,8.33,1,1,33.33,2,0,27,192,16,50,1.5,2,100,2,0,158,225,11,0,N/A,1,0,2,0,0,233,7,0,N/A,0,0,1,0,0,260,15,0,N/A,9,0,2,0,0,275,2,100,1,1,0,0,0,72,284,8,75,1.83,0,0,4,0,121,1,3.8,2.83,4,3.50,3.25,2.13,3.00,3.60
peetri1,0.74,0.86,0.12,75,8,50,1.75,3,33.33,2,0,52,104,7,71.43,1,2,100,58,119,9,66.67,1.5,5,0,2,0,79,124,2,0,N/A,10,0,0,132,9,100,1.33,0,0,3,33.33,196,157,4,0,N/A,2,0,0,164,5,100,1,3,66.67,1,0,82,175,12,33.33,2.25,1,33.33,2,0,51,192,16,18.75,1.67,2,0,2,0,42,225,11,9.09,1,1,0,2,0,11,233,7,57.14,2.25,0,0,1,0,113,260,15,6.67,1,9,11.11,2,0,26,275,2,50,1,1,0,0,0,7,284,8,12.5,1,0,0,4,0,10,1,2.4,3.00,3.5,3.00,3.00,3.00,3.00,3.00
peetri5,0.76,0.85,0.09,75,8,87.5,1.43,3,33.33,2,0,68,104,7,85.71,1,2,50,64,119,9,77.78,1.43,5,0,2,50,62,124,2,0,N/A,10,0,2,132,9,100,1.33,0,0,3,0,213,157,4,50,1,2,0,53,164,5,100,1,3,66.67,1,0,70,175,12,91.67,1.73,1,33.33,2,0,239,192,16,68.75,1.73,2,0,2,0,168,225,11,72.73,1,1,100,2,0,123,233,7,71.43,2.6,0,0,1,0,47,260,15,0,N/A,9,0,2,0,1,275,2,100,1,1,0,0,0,101,284,8,100,1.63,0,0,4,0,138,1,5.6,2.33,3.5,4.50,4.25,3.88,2.50,3.40
peetri6,N/A,N/A,N/A,75,8,50,1.5,3,66.67,2,0,67,104,7,42.86,1,2,50,32,119,9,22.22,1.5,5,0,2,50,21,124,2,0,N/A,10,0,0,132,9,33.33,1.33,0,0,3,66.67,109,157,4,0,N/A,2,0,11,164,5,40,1,3,33.33,1,0,27,175,12,16.67,1.5,0,0,2,0,28,192,16,18.75,1.67,2,0,2,0,60,225,11,18.18,1,1,0,2,0,20,233,7,42.86,2.33,0,0,1,0,46,260,15,13.33,2,9,0,2,0,47,275,2,100,1,1,0,0,0,50,284,8,25,1,0,0,4,0,36,2,3.2,2.33,2.5,3.00,5.00,2.75,3.50,4.00
peetri7,0.73,1,0.27,75,8,75,1.5,3,66.67,2,0,44,104,7,71.43,1,2,0,50,119,9,66.67,1.5,5,0,2,0,90,124,2,0,N/A,10,0,38,132,9,77.78,1.43,0,0,3,0,313,157,4,0,N/A,2,0,0,164,5,0,N/A,3,0,1,0,0,175,12,50,1.67,1,33.33,2,0,243,192,16,25,1,2,0,2,0,97,225,11,36.36,1,1,0,2,0,57,233,7,0,N/A,0,0,1,0,0,260,15,0,N/A,9,0,2,0,0,275,2,100,1,1,0,0,0,60,284,8,75,1.67,0,0,4,0,152,1,4.8,3.00,3.5,3.00,3.00,3.25,2.50,3.20
peetri9,0.88,0.91,0.03,75,8,37.5,1.67,3,33.33,2,0,28,104,7,85.71,1,2,50,60,119,9,66.67,1.5,5,0,2,0,44,124,2,0,N/A,10,0,1,132,9,88.89,1.38,0,0,3,0,218,157,4,50,1,2,0,35,164,5,100,1,3,100,1,0,88,175,12,66.67,1.75,3,100,2,0,154,192,16,68.75,1.55,2,50,2,0,134,225,11,45.45,1,1,100,2,0,53,233,7,57.14,2.5,0,0,1,0,73,260,15,73.33,2.18,9,11.11,2,0,228,275,2,100,1,1,0,0,0,58,284,8,25,1,0,0,4,0,33,1,3.6,2.83,5,3.25,4.50,3.63,4.00,3.40
peetri10,0.93,0.94,0.01,75,8,50,1.75,3,33.33,2,0,64,104,7,28.57,1,2,0,19,119,9,33.33,1.67,5,0,2,0,48,124,2,0,N/A,10,10,44,132,9,77.78,1.14,0,0,3,0,380,157,4,0,N/A,2,0,38,164,5,100,1,3,66.67,1,0,95,175,12,58.33,2.14,2,66.67,2,0,209,192,16,50,1.25,2,50,2,0,180,225,11,100,1,1,100,2,0,205,233,7,100,2.57,0,0,1,0,145,260,15,66.67,1.9,9,11.11,2,0,235,275,2,50,1,1,0,0,0,7,284,8,62.5,1.8,0,0,4,0,109,2,3.4,1.00,4.5,2.25,3.00,4.75,4.50,3.00
peetri11,0.89,0.97,0.08,75,8,25,1.5,3,33.33,2,0,31,104,7,28.57,1,2,0,28,119,9,11.11,2,5,0,2,0,14,124,2,0,N/A,10,0,0,132,9,44.44,1.5,0,0,3,0,96,157,4,0,N/A,2,0,0,164,5,60,1,3,0,1,0,30,175,12,83.33,1.7,0,0,2,0,188,192,16,0,N/A,2,0,2,0,0,225,11,9.09,1,1,0,2,0,11,233,7,0,N/A,0,0,1,0,3,260,15,40,1.17,9,0,2,0,107,275,2,100,1,1,0,0,0,51,284,8,62.5,1.2,0,0,4,0,113,1,2,4.33,1.5,4.25,5.00,2.13,4.00,4.40
peetri12,0.85,0.92,0.07,75,8,37.5,1.33,3,33.33,2,0,128,104,7,57.14,1,2,0,35,119,9,22.22,1.5,5,0,2,0,34,124,2,0,N/A,10,0,0,132,9,22.22,1.5,0,0,3,0,95,157,4,0,N/A,2,0,0,164,5,40,1,3,0,1,0,25,175,12,25,2,2,66.67,2,0,70,192,16,18.75,1.67,2,0,2,0,58,225,11,36.36,1,1,100,2,0,55,233,7,28.57,2,0,0,1,0,16,260,15,0,N/A,9,0,2,0,0,275,2,0,N/A,1,0,0,0,4,284,8,12.5,1,0,0,4,0,15,2,3.8,4.17,4,3.75,4.25,2.13,3.00,3.20
peetri13,0.89,0.91,0.02,75,8,37.5,2,3,33.33,2,0,34,104,7,14.29,1,2,0,3,119,9,55.56,1.6,5,0,2,0,58,124,2,0,N/A,10,0,2,132,9,33.33,1.33,0,0,3,0,72,157,4,50,1,2,0,27,164,5,100,1,3,66.67,1,0,57,175,12,100,1.83,3,100,2,0,315,192,16,87.5,1.86,2,100,2,0,269,225,11,54.55,1,1,100,2,0,68,233,7,14.29,2,0,0,1,0,8,260,15,73.33,1.73,9,11.11,2,0,194,275,2,100,1,1,0,0,0,47,284,8,25,1,0,0,4,0,41,1,3.4,4.00,2.5,4.50,4.75,2.50,3.50,3.80
peetri14,0.69,0.74,0.05,75,8,37.5,1.33,3,33.33,2,0,28,104,7,28.57,1,2,0,24,119,9,22.22,1.5,5,0,2,0,26,124,2,0,N/A,10,0,0,132,9,33.33,1.33,0,0,3,0,102,157,4,0,N/A,2,0,0,164,5,80,1,3,33.33,1,0,88,175,12,58.33,1.86,1,33.33,2,0,166,192,16,50,1.75,2,100,2,0,133,225,11,72.73,1,1,0,2,0,147,233,7,0,N/A,0,0,1,0,0,260,15,46.67,1.14,9,11.11,2,0,107,275,2,50,1,1,0,0,0,7,284,8,50,1,0,0,4,0,64,2,2,1.83,4,3.50,3.00,4.00,2.75,1.80
peetri15,0.87,1,0.13,75,8,87.5,1.43,3,0,2,0,81,104,7,100,1,2,0,81,119,9,66.67,1.5,5,0,2,0,51,124,2,50,1,10,20,115,132,9,100,1.33,0,0,3,0,212,157,4,100,1,2,0,75,164,5,100,1,3,100,1,0,57,175,12,83.33,1.6,3,100,2,0,244,192,16,81.25,1.77,2,50,2,0,231,225,11,63.64,1,1,0,2,0,71,233,7,0,N/A,0,0,1,0,0,260,15,86.67,1.69,9,22.22,2,0,241,275,2,100,1,1,0,0,0,57,284,8,87.5,1.57,0,0,4,0,140,3,3.8,2.67,4,3.50,4.00,3.75,3.75,2.60
peetri17,0.81,0.91,0.1,75,8,75,1.5,3,33.33,2,0,43,104,7,85.71,1,2,100,69,119,9,33.33,1.67,5,0,2,0,25,124,2,0,N/A,10,0,1,132,9,88.89,1.38,0,0,3,0,183,157,4,50,1,2,50,49,164,5,100,1,3,66.67,1,0,63,175,12,91.67,1.73,2,66.67,2,50,212,192,16,68.75,1.55,2,50,2,0,151,225,11,27.27,1,1,0,2,100,39,233,7,28.57,2,0,0,1,0,27,260,15,0,N/A,9,0,2,0,0,275,2,50,1,1,0,0,0,43,284,8,100,1.63,0,0,4,0,116,3,3.6,4.33,2.5,5.00,5.00,1.25,4.00,4.80
peetri19,0.55,0.88,0.33,75,8,37.5,1.33,3,0,2,0,38,104,7,28.57,1,2,0,11,119,9,22.22,1.5,5,0,2,0,43,124,2,0,N/A,10,0,0,132,9,22.22,1.5,0,0,3,0,59,157,4,0,N/A,2,0,0,164,5,80,1,3,33.33,1,0,60,175,12,16.67,2,0,0,2,0,87,192,16,18.75,1.67,2,0,2,0,37,225,11,81.82,1,1,100,2,0,187,233,7,28.57,2.5,0,0,1,0,38,260,15,26.67,1.25,9,0,2,0,110,275,2,100,1,1,0,0,0,64,284,8,25,1,0,0,4,0,54,2,,3.17,2.5,4.25,4.50,4.50,3.25,3.20
peetri22,0.84,0.91,0.07,75,8,37.5,1.33,3,33.33,2,0,36,104,7,42.86,1,2,0,46,119,9,44.44,1.75,5,0,2,0,85,124,2,0,N/A,10,0,0,132,9,33.33,1.33,0,0,3,0,78,157,4,25,1,2,0,40,164,5,60,1,3,66.67,1,0,68,175,12,25,2,0,0,2,0,44,192,16,18.75,1.67,2,0,2,0,43,225,11,27.27,1,1,100,2,0,40,233,7,28.57,2.5,0,0,1,0,59,260,15,20,2,9,11.11,2,0,67,275,2,50,1,1,0,0,0,42,284,8,62.5,1.8,0,0,4,0,85,2,3,1.50,3,1.75,2.50,2.00,1.75,2.00
peetri23,1,0.97,-0.03,75,8,50,1.75,3,0,2,0,33,104,7,14.29,1,2,0,3,119,9,22.22,1.5,5,0,2,0,18,124,2,0,N/A,10,0,0,132,9,22.22,1.5,0,0,3,0,81,157,4,0,N/A,2,0,0,164,5,60,1,3,100,1,0,38,175,12,25,2,0,0,2,0,35,192,16,6.25,3,2,0,2,0,68,225,11,90.91,1,1,100,2,0,227,233,7,14.29,2,0,0,1,0,23,260,15,6.67,3,9,0,2,0,34,275,2,100,1,1,0,0,0,60,284,8,25,1,0,0,4,0,62,2,2,2.00,2.5,3.25,4.50,3.00,3.00,3.00
peetri24,0.97,1,0.03,75,8,50,1.75,3,33.33,2,0,51,104,7,42.86,1,2,0,38,119,9,44.44,1.75,5,0,2,0,89,124,2,0,N/A,10,0,1,132,9,33.33,1.33,0,0,3,0,110,157,4,0,N/A,2,0,0,164,5,80,1,3,0,1,0,55,175,12,33.33,1.75,0,0,2,0,139,192,16,18.75,1,2,0,2,0,50,225,11,72.73,1,1,0,2,0,118,233,7,14.29,2,0,0,1,0,16,260,15,13.33,3,9,0,2,0,45,275,2,100,1,1,0,0,0,52,284,8,25,1,0,0,4,0,42,3,3,3.00,3,4.00,3.00,2.13,2.75,3.80
peetri26,0.73,0.97,0.24,75,8,62.5,1.2,3,0,2,0,86,104,7,42.86,1,2,0,28,119,9,22.22,1.5,5,0,2,0,37,124,2,0,N/A,10,0,0,132,9,100,1.33,0,0,3,0,412,157,4,75,1,2,0,45,164,5,60,1,3,33.33,1,0,81,175,12,0,N/A,0,0,2,0,0,192,16,0,N/A,2,0,2,0,0,225,11,72.73,1,1,0,2,0,78,233,7,0,N/A,0,0,1,0,0,260,15,33.33,3,9,0,2,0,176,275,2,100,1,1,0,0,0,64,284,8,12.5,1,0,0,4,0,10,2,4.2,4.67,3.5,5.00,5.00,3.00,3.00,3.00
peetri27,0.89,0.73,-0.16,75,8,37.5,1.33,3,33.33,2,0,54,104,7,42.86,1,2,0,70,119,9,44.44,1.75,5,0,2,0,110,124,2,0,N/A,10,0,2,132,9,33.33,1.33,0,0,3,0,74,157,4,25,1,2,0,62,164,5,60,1,3,100,1,0,136,175,12,50,2.17,1,33.33,2,0,188,192,16,50,2.5,2,0,2,0,200,225,11,18.18,1,1,100,2,0,64,233,7,0,N/A,0,0,1,0,0,260,15,40,2,9,11.11,2,0,159,275,2,100,1,1,0,0,0,91,284,8,25,1,0,0,4,0,56,2,5.2,3.33,3,4.75,4.25,3.00,3.75,3.40
peetri29,0.87,0.93,0.06,75,8,37.5,1.67,3,33.33,2,0,50,104,7,14.29,1,2,0,3,119,9,0,N/A,5,0,2,0,0,124,2,0,N/A,10,0,0,132,9,0,N/A,0,0,3,0,0,157,4,25,1,2,0,39,164,5,60,1,3,0,1,0,22,175,12,16.67,2.5,0,0,2,0,28,192,16,0,N/A,2,0,2,0,0,225,11,63.64,1,1,100,2,0,153,233,7,0,N/A,0,0,1,0,0,260,15,40,1.67,9,11.11,2,0,152,275,2,100,1,1,0,0,0,49,284,8,0,N/A,0,0,4,0,0,1,2.2,2.67,3,2.75,4.50,3.75,1.75,1.60
peetri31,0.88,0.88,N/A,75,8,37.5,1.33,3,33.33,2,0,125,104,7,14.29,1,2,0,3,119,9,33.33,2,5,0,2,0,52,124,2,0,N/A,10,0,1,132,9,33.33,1.67,0,0,3,0,213,157,4,25,1,2,0,11,164,5,100,1,3,100,1,0,109,175,12,8.33,1,1,33.33,2,0,57,192,16,0,N/A,2,0,2,0,0,225,11,18.18,1,1,0,2,0,18,233,7,28.57,2,0,0,1,0,28,260,15,33.33,1.2,9,11.11,2,0,138,275,2,100,1,1,0,0,0,58,284,8,25,1,0,0,4,0,53,2,,2.00,4.5,4.00,4.75,4.50,3.25,1.80
peetri33,0.98,0.97,-0.01,75,8,62.5,1.2,3,0,2,0,52,104,7,42.86,1,2,0,45,119,9,55.56,1.2,5,0,2,0,64,124,2,0,N/A,10,0,1,132,9,33.33,1.33,0,0,3,0,80,157,4,25,1,2,0,24,164,5,100,1,3,0,1,0,61,175,12,83.33,2,0,0,2,0,209,192,16,93.75,1.93,2,0,2,0,223,225,11,54.55,1,1,0,2,0,133,233,7,57.14,2.5,0,0,1,0,61,260,15,100,1.87,9,0,2,0,241,275,2,100,1,1,0,0,0,58,284,8,100,1.63,0,0,4,0,155,1,,4.17,2,4.50,4.50,2.75,5.00,4.60
peetri34,0.39,0.25,-0.14,75,8,37.5,1.33,3,0,2,0,36,104,7,28.57,1,2,0,30,119,9,22.22,1.5,5,0,2,0,49,124,2,0,N/A,10,0,0,132,9,0,N/A,0,0,3,0,0,157,4,50,1,2,100,41,164,5,0,N/A,3,0,1,0,0,175,12,0,N/A,0,0,2,0,0,192,16,0,N/A,2,0,2,0,0,225,11,9.09,1,1,0,2,0,13,233,7,0,N/A,0,0,1,0,0,260,15,20,1,9,11.11,2,0,71,275,2,100,1,1,0,0,0,49,284,8,0,N/A,0,0,4,0,0,1,3.4,3.00,3,3.00,4.00,3.38,3.25,3.60
peetri35,0.96,0.96,N/A,75,8,25,1.5,3,33.33,2,0,22,104,7,14.29,1,2,0,4,119,9,55.56,1.6,5,0,2,0,48,124,2,0,N/A,10,0,0,132,9,55.56,1.4,0,0,3,0,83,157,4,0,N/A,2,0,8,164,5,100,1,3,100,1,0,91,175,12,66.67,1.5,1,33.33,2,0,149,192,16,50,1.5,2,50,2,0,82,225,11,27.27,1,1,100,2,0,39,233,7,42.86,2,0,0,1,0,61,260,15,60,1.56,9,11.11,2,0,198,275,2,100,1,1,0,0,0,48,284,8,62.5,1.4,0,0,4,0,78,1,3.8,3.17,2.5,4.00,4.75,2.00,4.00,3.80
peetri37,0.77,0.8,0.03,75,8,37.5,1.33,3,33.33,2,0,41,104,7,42.86,1,2,150,30,119,9,55.56,1.6,5,0,2,0,44,124,2,0,N/A,10,0,6,132,9,33.33,1.33,0,0,3,0,61,157,4,25,1,2,0,29,164,5,100,1,3,0,1,0,77,175,12,25,2,0,0,2,0,43,192,16,31.25,1.8,2,0,2,0,62,225,11,36.36,1,1,0,2,0,47,233,7,14.29,3,0,0,1,0,25,260,15,40,1.83,9,0,2,50,125,275,2,50,1,1,0,0,0,46,284,8,100,1.63,0,0,4,0,129,1,4.8,3.17,3.5,4.25,3.75,3.63,4.00,3.20
peetri39,0.94,0.98,-0.04,75,8,25,1.5,3,33.33,2,0,22,104,7,14.29,1,2,0,13,119,9,44.44,1.75,5,0,2,0,52,124,2,0,N/A,10,0,0,132,9,55.56,1.4,0,0,3,0,128,157,4,0,N/A,2,0,0,164,5,80,1,3,0,1,0,34,175,12,25,2,0,0,2,0,48,192,16,0,N/A,2,0,2,0,0,225,11,9.09,1,1,0,2,0,20,233,7,42.86,2,0,0,1,0,39,260,15,53.33,1.5,9,0,2,0,120,275,2,100,1,1,0,0,0,92,284,8,62.5,1.8,0,0,4,0,74,1,3.2,2.83,2.5,4.50,4.00,2.25,3.75,3.00
peetri40,N/A,N/A,N/A,75,8,50,1.5,3,33.33,2,0,108,104,7,0,N/A,2,0,1,119,9,0,N/A,5,0,2,0,1,124,2,0,N/A,10,0,0,132,9,0,N/A,0,0,3,0,0,157,4,0,N/A,2,0,0,164,5,0,N/A,3,0,1,0,6,175,12,0,N/A,0,0,2,0,0,192,16,0,N/A,2,0,2,0,0,225,11,54.55,1,1,0,2,0,91,233,7,0,N/A,0,0,1,0,0,260,15,60,1.22,9,11.11,2,50,226,275,2,100,1,1,0,0,0,56,284,8,25,1,0,0,4,0,36,2,,2.50,4,3.00,3.00,3.00,3.00,3.00
peetri42,1,1,N/A,75,8,37.5,1.33,3,33.33,2,0,40,104,7,42.86,1,2,0,46,119,9,22.22,1.5,5,0,2,0,26,124,2,0,N/A,10,0,0,132,9,33.33,1.33,0,0,3,0,59,157,4,25,1,2,0,14,164,5,40,1,3,33.33,1,0,29,175,12,16.67,1.5,0,0,2,0,16,192,16,0,N/A,2,0,2,0,0,225,11,18.18,1,1,0,2,0,24,233,7,14.29,2,0,0,1,0,16,260,15,6.67,3,9,0,2,0,14,275,2,100,1,1,0,0,0,63,284,8,12.5,1,0,0,4,0,10,2,4.4,5.00,2,3.00,3.00,3.13,2.50,3.40
peetri44,1,1,N/A,75,8,37.5,1.67,3,33.33,2,0,26,104,7,14.29,1,2,0,3,119,9,33.33,1.67,5,0,2,50,39,124,2,0,N/A,10,0,0,132,9,22.22,1.5,0,0,3,0,56,157,4,25,1,2,0,11,164,5,40,1,3,33.33,1,0,20,175,12,25,2,0,0,2,0,38,192,16,18.75,1.67,2,0,2,0,52,225,11,9.09,1,1,0,2,0,4,233,7,28.57,2.5,0,0,1,0,27,260,15,26.67,2.25,9,11.11,2,0,79,275,2,100,1,1,0,0,0,50,284,8,62.5,1.8,0,0,4,0,83,1,2.8,4.50,1,4.50,4.75,1.63,4.50,4.60
peetri46,1,0.98,-0.02,75,8,37.5,1.33,3,33.33,2,0,34,104,7,42.86,1,2,0,72,119,9,22.22,1.5,5,0,2,0,41,124,2,0,N/A,10,0,0,132,9,33.33,1.33,0,0,3,0,152,157,4,0,N/A,2,0,0,164,5,20,1,3,33.33,1,0,21,175,12,25,2,0,0,2,0,60,192,16,18.75,1.67,2,0,2,0,38,225,11,100,1,1,0,2,0,194,233,7,14.29,2,0,0,1,0,20,260,15,46.67,1.29,9,11.11,2,0,201,275,2,100,1,1,0,0,0,51,284,8,100,1.63,0,0,4,0,133,1,2.8,4.67,1,5.00,2.75,1.00,4.25,4.60
peetri48,0.95,1,-0.05,75,8,75,1.33,3,33.33,2,0,60,104,7,71.43,1,2,0,60,119,9,33.33,1.67,5,0,2,0,46,124,2,50,1,10,30,63,132,9,33.33,1.33,0,0,3,0,59,157,4,25,1,2,0,39,164,5,80,1,3,33.33,1,0,59,175,12,33.33,2,2,66.67,2,0,96,192,16,43.75,1,2,0,2,0,133,225,11,63.64,1,1,0,2,0,101,233,7,42.86,2.67,0,0,1,0,28,260,15,0,N/A,9,0,2,0,0,275,2,100,1,1,0,0,0,48,284,8,62.5,1.8,0,0,4,0,97,2,2.2,2.83,3.5,4.25,4.25,4.38,3.25,2.00
peetri50,0.93,0.95,-0.02,75,8,50,1.75,3,33.33,2,0,50,104,7,14.29,1,2,0,3,119,9,44.44,1.75,5,0,2,0,73,124,2,0,N/A,10,0,0,132,9,44.44,1.25,0,0,3,0,126,157,4,25,1,2,0,21,164,5,40,1,3,66.67,1,0,24,175,12,50,2.17,3,100,2,0,207,192,16,68.75,1.55,2,50,2,0,299,225,11,81.82,1,1,100,2,0,286,233,7,85.71,2.5,0,0,1,0,170,260,15,46.67,1.71,9,11.11,2,50,250,275,2,100,1,1,0,0,0,54,284,8,62.5,1.8,0,0,4,0,104,2,4,3.17,3.5,4.25,3.75,2.38,4.75,4.00
peetri52,0.7,0.92,0.22,75,8,50,1.75,3,33.33,2,0,28,104,7,14.29,1,2,0,3,119,9,66.67,1.5,5,0,2,0,63,124,2,0,N/A,10,0,1,132,9,44.44,1.5,0,0,3,0,77,157,4,50,1,2,0,25,164,5,100,1,3,33.33,1,0,54,175,12,16.67,1,0,0,2,0,58,192,16,0,N/A,2,0,2,0,0,225,11,63.64,1,1,100,2,0,71,233,7,42.86,2.67,0,0,1,0,61,260,15,26.67,2.25,9,0,2,0,83,275,2,100,1,1,0,0,0,46,284,8,37.5,1,0,0,4,0,40,1,2.4,2.67,4,4.00,3.75,3.50,3.50,3.00
peetri55,1,1,N/A,75,8,37.5,1.33,3,0,2,0,41,104,7,42.86,1,2,0,63,119,9,22.22,1.5,5,0,2,0,29,124,2,0,N/A,10,0,0,132,9,33.33,1.33,0,0,3,0,175,157,4,0,N/A,2,0,0,164,5,40,1,3,33.33,1,0,46,175,12,25,2,0,0,2,0,38,192,16,50,1.75,2,0,2,0,143,225,11,72.73,1,1,100,2,0,178,233,7,0,N/A,0,0,1,0,33,260,15,6.67,1,9,11.11,2,0,46,275,2,100,1,1,0,0,0,57,284,8,62.5,1.8,0,0,4,0,104,2,2.8,3.83,3,3.25,4.00,3.50,4.25,3.00
peetri56,0.93,0.97,0.04,75,8,50,1.75,3,33.33,2,0,82,104,7,14.29,1,2,0,7,119,9,55.56,1.6,5,60,2,0,85,124,2,50,1,10,50,72,132,9,0,N/A,0,0,3,0,0,157,4,50,1,2,0,45,164,5,60,1,3,33.33,1,0,27,175,12,66.67,1.38,1,33.33,2,0,170,192,16,31.25,1,2,50,2,0,71,225,11,63.64,1,1,100,2,0,115,233,7,85.71,2.5,0,0,1,0,115,260,15,73.33,1.55,9,22.22,2,0,213,275,2,100,1,1,0,0,0,93,284,8,100,1.63,0,0,4,0,162,1,3.6,3.50,4,3.50,4.25,3.50,3.50,3.20
peetri57,0.77,1,0.23,75,8,37.5,1.67,3,0,2,0,47,104,7,14.29,1,2,0,6,119,9,66.67,1.5,5,40,2,0,112,124,2,50,1,10,40,108,132,9,0,N/A,0,0,3,0,0,157,4,100,1,2,0,43,164,5,60,1,3,33.33,1,0,31,175,12,66.67,2.13,0,0,2,0,270,192,16,0,N/A,2,0,2,0,0,225,11,45.45,1,1,0,2,0,80,233,7,14.29,2,0,0,1,0,11,260,15,40,1,9,11.11,2,0,151,275,2,100,1,1,0,0,0,70,284,8,75,1.67,0,0,4,0,144,1,4.6,1.67,4.5,4.00,3.00,4.63,2.50,3.20
peetri61,0.83,0.89,0.06,75,8,25,1.5,3,33.33,2,0,40,104,7,14.29,1,2,0,5,119,9,55.56,1.6,5,40,2,0,104,124,2,50,1,10,40,53,132,9,0,N/A,0,0,3,0,0,157,4,75,1,2,0,87,164,5,0,N/A,3,0,1,0,0,175,12,0,N/A,0,0,2,0,0,192,16,0,N/A,2,0,2,0,0,225,11,90.91,1,1,0,2,0,122,233,7,71.43,2.4,0,0,1,0,83,260,15,100,1.87,9,11.11,2,0,196,275,2,50,1,1,0,0,0,6,284,8,0,N/A,0,0,4,0,0,1,2.8,2.67,2,4.50,4.25,2.13,3.50,3.40
peetri62,0.73,0.75,0.02,75,8,25,1.5,3,33.33,2,0,40,104,7,14.29,1,2,0,3,119,9,44.44,1.75,5,40,2,0,70,124,2,50,1,10,50,75,132,9,0,N/A,0,0,3,0,0,157,4,75,1,2,0,30,164,5,60,1,3,33.33,1,0,46,175,12,91.67,1.82,3,100,2,0,205,192,16,0,N/A,2,0,2,0,0,225,11,63.64,1,1,100,2,0,82,233,7,85.71,2.67,0,0,1,0,115,260,15,53.33,1.13,9,11.11,2,0,260,275,2,100,1,1,0,0,0,69,284,8,100,1.63,0,0,4,0,131,1,3.4,3.33,3.5,3.75,3.50,2.75,3.50,4.40
peetri63,0.93,0.96,0.03,75,8,25,1.5,3,33.33,2,0,84,104,7,14.29,1,2,0,4,119,9,44.44,1.75,5,20,2,0,63,124,2,0,N/A,10,10,70,132,9,44.44,1.25,0,0,3,0,105,157,4,50,1,2,0,41,164,5,100,1,3,66.67,1,0,49,175,12,66.67,1.88,2,66.67,2,0,176,192,16,31.25,1,2,50,2,0,56,225,11,81.82,1,1,0,2,0,146,233,7,57.14,2.5,0,0,1,0,83,260,15,73.33,1.55,9,11.11,2,0,203,275,2,100,1,1,0,0,0,81,284,8,87.5,1.57,0,0,4,0,143,2,3.8,3.50,3.5,4.00,5.00,1.50,4.50,3.80
peetri64,0.7,0.7,N/A,75,8,25,1.5,3,33.33,2,0,49,104,7,0,N/A,2,0,0,119,9,44.44,1.75,5,60,2,0,101,124,2,0,N/A,10,60,60,132,9,0,N/A,0,0,3,0,0,157,4,50,1,2,0,52,164,5,100,1,3,100,1,0,78,175,12,50,1.33,2,66.67,2,0,129,192,16,0,N/A,2,0,2,0,0,225,11,54.55,1,1,0,2,0,48,233,7,85.71,2.5,0,0,1,0,102,260,15,26.67,1.75,9,11.11,2,0,71,275,2,100,1,1,0,0,0,140,284,8,100,1.63,0,0,4,0,157,1,4.4,3.50,2.5,4.25,3.50,2.00,3.00,2.60
peetri65,0.78,1,0.22,75,8,25,1.5,3,33.33,2,0,26,104,7,14.29,1,2,0,4,119,9,55.56,1.6,5,40,2,0,106,124,2,50,1,10,60,77,132,9,22.22,1.5,0,0,3,0,70,157,4,100,1,2,0,41,164,5,40,1,3,33.33,1,0,41,175,12,58.33,1.29,1,33.33,2,0,143,192,16,0,N/A,2,0,2,0,0,225,11,100,1,1,100,2,0,137,233,7,14.29,2,0,0,1,0,11,260,15,0,N/A,9,0,2,0,0,275,2,50,1,1,0,0,0,46,284,8,62.5,2,0,0,4,0,163,1,3,2.50,3.5,4.75,4.00,2.25,4.00,3.00
peetri67,0.78,0.94,0.16,75,8,37.5,1.67,3,66.67,2,0,37,104,7,14.29,1,2,0,3,119,9,66.67,1.5,5,60,2,0,132,124,2,0,N/A,10,30,62,132,9,66.67,1.5,0,0,3,0,113,157,4,50,1,2,0,73,164,5,60,1,3,33.33,1,0,40,175,12,83.33,1.8,3,100,2,0,333,192,16,0,N/A,2,0,2,0,0,225,11,81.82,1,1,100,2,0,124,233,7,14.29,2,0,0,1,0,9,260,15,93.33,1.79,9,11.11,2,0,263,275,2,100,1,1,0,0,0,60,284,8,100,1.63,0,0,4,0,148,1,3.2,4.00,1.5,4.25,4.50,1.75,3.50,4.00
peetri68,0.83,0.94,0.11,75,8,25,1.5,3,33.33,2,0,34,104,7,14.29,1,2,0,3,119,9,55.56,1.6,5,20,2,0,114,124,2,50,1,10,20,71,132,9,22.22,1.5,0,0,3,0,118,157,4,50,1,2,0,45,164,5,60,1,3,33.33,1,0,25,175,12,50,2.33,1,33.33,2,0,120,192,16,6.25,1,2,0,2,0,29,225,11,9.09,1,1,0,2,0,14,233,7,28.57,2,0,0,1,0,32,260,15,40,1,9,11.11,2,0,277,275,2,50,1,1,0,0,0,58,284,8,100,1.63,0,0,4,0,159,2,4.2,4.33,2.5,3.75,3.75,2.13,3.50,4.00
peetri69,0.88,0.97,0.09,75,8,12.5,1,3,0,2,0,79,104,7,28.57,1,2,0,18,119,9,66.67,1.5,5,20,2,0,109,124,2,50,1,10,30,75,132,9,0,N/A,0,0,3,0,0,157,4,100,1,2,0,48,164,5,60,1,3,33.33,1,0,28,175,12,75,1.89,3,100,2,0,192,192,16,0,N/A,2,0,2,0,0,225,11,100,1,1,100,2,0,150,233,7,57.14,2.25,0,0,1,0,37,260,15,46.67,1,9,22.22,2,0,153,275,2,100,1,1,0,0,0,52,284,8,100,1.63,0,0,4,0,115,2,2.6,2.50,3,4.00,3.75,3.00,3.00,4.00
peetri72,0.81,1,0.19,75,8,25,1.5,3,33.33,2,0,31,104,7,28.57,1,2,0,41,119,9,55.56,1.6,5,40,2,0,112,124,2,50,1,10,30,54,132,9,0,N/A,0,0,3,0,0,157,4,100,1,2,0,41,164,5,60,1,3,0,1,0,23,175,12,91.67,1.91,3,100,2,0,227,192,16,0,N/A,2,0,2,0,3,225,11,100,1,1,100,2,0,140,233,7,100,2.57,0,0,1,0,169,260,15,80,1.58,9,22.22,2,0,316,275,2,100,1,1,0,0,0,54,284,8,100,1.63,0,0,4,0,163,2,2.2,3.83,1,4.50,4.50,1.00,3.50,4.40
peetri73,0.88,1,0.12,75,8,25,1.5,3,33.33,2,0,28,104,7,14.29,1,2,0,3,119,9,44.44,1.75,5,40,2,0,78,124,2,0,N/A,10,10,77,132,9,0,N/A,0,0,3,0,0,157,4,50,1,2,0,36,164,5,60,1,3,33.33,1,0,41,175,12,75,1.78,2,66.67,2,0,247,192,16,37.5,1,2,100,2,0,110,225,11,90.91,1,1,0,2,0,134,233,7,85.71,2.5,0,0,1,0,100,260,15,60,1.22,9,22.22,2,0,253,275,2,50,1,1,0,0,0,61,284,8,100,1.63,0,0,4,0,158,1,2.6,3.67,1,4.25,4.25,2.13,3.25,4.60
peetri74,0.95,0.96,0.01,75,8,25,1.5,3,33.33,2,0,26,104,7,14.29,1,2,0,3,119,9,44.44,1.75,5,20,2,0,81,124,2,50,1,10,0,79,132,9,11.11,1,0,0,3,0,23,157,4,100,1,2,0,56,164,5,60,1,3,33.33,1,0,30,175,12,75,1.56,1,33.33,2,0,188,192,16,0,N/A,2,0,2,0,0,225,11,81.82,1,1,0,2,0,107,233,7,28.57,2,0,0,1,0,40,260,15,60,1.22,9,0,2,0,139,275,2,50,1,1,0,0,0,42,284,8,87.5,1.57,0,0,4,0,114,2,2.8,3.00,3,4.50,4.25,1.88,3.50,3.80
peetri76,0.88,0.95,0.07,75,8,25,1.5,3,33.33,2,0,56,104,7,14.29,1,2,0,3,119,9,55.56,1.6,5,20,2,0,106,124,2,0,N/A,10,0,8,132,9,33.33,1,0,0,3,0,97,157,4,25,1,2,0,33,164,5,0,N/A,3,0,1,0,1,175,12,50,1.33,0,0,2,0,123,192,16,31.25,1,2,0,2,0,67,225,11,54.55,1,1,0,2,0,84,233,7,28.57,2,0,0,1,0,21,260,15,46.67,1.71,9,0,2,0,198,275,2,50,1,1,0,0,0,146,284,8,87.5,1.57,0,0,4,0,135,2,3.8,4.33,2.5,5.00,3.75,1.13,4.75,5.00
peetri77,0.88,1,0.12,75,8,25,1.5,3,33.33,2,0,38,104,7,14.29,1,2,0,4,119,9,55.56,1.6,5,0,2,0,214,124,2,50,1,10,0,136,132,9,22.22,1.5,0,0,3,0,96,157,4,0,N/A,2,0,8,164,5,60,1,3,33.33,1,0,24,175,12,83.33,1.8,0,0,2,0,307,192,16,6.25,1,2,0,2,0,19,225,11,100,1,1,0,2,0,168,233,7,28.57,2,0,0,1,0,27,260,15,86.67,1.69,9,0,2,0,330,275,2,50,1,1,0,0,0,18,284,8,62.5,1.8,0,0,4,0,76,2,2.6,4.00,3,4.25,3.75,2.00,3.75,3.60
peetri78,0.95,1,0.05,75,8,25,1.5,3,0,2,0,33,104,7,14.29,1,2,0,3,119,9,55.56,1.6,5,0,2,0,282,124,2,50,1,10,0,92,132,9,22.22,1.5,0,0,3,0,261,157,4,100,1,2,0,41,164,5,60,1,3,0,1,0,22,175,12,91.67,1.73,0,0,2,0,359,192,16,12.5,1,2,0,2,0,24,225,11,100,1,1,0,2,0,184,233,7,100,2.57,0,0,1,0,233,260,15,40,1,9,11.11,2,0,260,275,2,100,1,1,0,0,0,67,284,8,100,1.63,0,0,4,0,221,2,3.2,4.00,1,5.00,5.00,1.75,4.75,5.00
peetri79,0.71,0.9,0.19,75,8,62.5,1.2,3,0,2,0,42,104,7,28.57,1,2,0,43,119,9,22.22,1.5,5,60,2,0,95,124,2,0,N/A,10,0,0,132,9,0,N/A,0,0,3,0,38,157,4,50,1,2,0,40,164,5,80,1,3,33.33,1,0,46,175,12,41.67,1.4,1,33.33,2,0,146,192,16,31.25,1,2,50,2,0,90,225,11,9.09,1,1,0,2,0,14,233,7,28.57,3,0,0,1,0,52,260,15,53.33,1.13,9,11.11,2,50,184,275,2,100,1,1,0,0,0,59,284,8,100,1.63,0,0,4,0,180,2,2.2,3.17,3.5,5.00,4.75,3.00,4.25,4.40
peetri81,0.8,0.91,0.11,75,8,25,1.5,3,33.33,2,0,44,104,7,28.57,1,2,0,30,119,9,22.22,1.5,5,0,2,0,26,124,2,50,1,10,10,75,132,9,22.22,1.5,0,0,3,0,48,157,4,100,1,2,0,55,164,5,100,1,3,33.33,1,0,41,175,12,66.67,2.13,0,0,2,0,181,192,16,81.25,1.77,2,0,2,0,164,225,11,100,1,1,0,2,0,131,233,7,71.43,2.8,0,0,1,0,89,260,15,53.33,1.38,9,11.11,2,0,170,275,2,100,1,1,0,0,0,80,284,8,100,1.63,0,0,4,0,124,1,2.8,2.67,3.5,3.00,3.00,3.00,1.50,3.20
peetri82,0.92,0.98,0.06,75,8,62.5,1.4,3,66.67,2,0,77,104,7,85.71,1,2,0,90,119,9,88.89,1.38,5,60,2,0,283,124,2,50,1,10,50,113,132,9,66.67,1.5,0,0,3,0,193,157,4,100,1,2,0,41,164,5,100,1,3,33.33,1,0,79,175,12,91.67,1.91,3,100,2,0,206,192,16,75,1.67,2,50,2,0,159,225,11,90.91,1,1,100,2,0,143,233,7,100,2.57,0,0,1,0,125,260,15,60,1.22,9,22.22,2,0,163,275,2,100,1,1,0,0,0,53,284,8,100,1.63,0,0,4,0,260,1,2.6,4.17,2.5,4.50,4.00,2.25,4.50,4.80
peetri83,0.76,0.6,-0.16,75,8,50,1.5,3,33.33,2,0,45,104,7,14.29,1,2,0,18,119,9,66.67,1.5,5,60,2,0,163,124,2,0,N/A,10,60,98,132,9,0,N/A,0,0,3,0,8,157,4,75,1,2,0,41,164,5,60,1,3,33.33,1,0,51,175,12,41.67,1.4,1,33.33,2,0,183,192,16,31.25,1,2,50,2,0,83,225,11,90.91,1,1,100,2,0,143,233,7,0,N/A,0,0,1,0,0,260,15,33.33,1,9,11.11,2,0,80,275,2,100,1,1,0,0,0,142,284,8,50,1,0,0,4,0,68,2,5.4,3.17,2.5,4.00,2.75,3.13,2.75,2.80
peetri85,0.77,1,0.23,75,8,25,1.5,3,33.33,2,0,25,104,7,28.57,1,2,0,40,119,9,77.78,1.43,5,20,2,0,125,124,2,0,N/A,10,0,17,132,9,22.22,1.5,0,0,3,0,64,157,4,100,1,2,0,58,164,5,60,1,3,33.33,1,0,58,175,12,58.33,1.57,1,33.33,2,0,156,192,16,0,N/A,2,0,2,0,0,225,11,81.82,1,1,100,2,0,140,233,7,0,N/A,0,0,1,0,0,260,15,33.33,1,9,11.11,2,0,109,275,2,50,1,1,0,0,0,11,284,8,25,2,0,0,4,0,59,2,2,1.83,5,4.50,4.50,2.88,1.50,4.60
peetri86,0.95,0.79,-0.16,75,8,12.5,1,3,0,2,0,15,104,7,0,N/A,2,0,0,119,9,11.11,2,5,0,2,0,6,124,2,0,N/A,10,0,0,132,9,0,N/A,0,0,3,0,0,157,4,25,1,2,0,11,164,5,80,1,3,100,1,0,46,175,12,66.67,1.88,2,66.67,2,0,118,192,16,75,1.67,2,50,2,0,151,225,11,63.64,1,1,0,2,0,52,233,7,85.71,2.5,0,0,1,0,78,260,15,0,N/A,9,0,2,0,0,275,2,100,1,1,0,0,0,82,284,8,100,1.63,0,0,4,0,141,2,3.2,3.00,3,3.00,3.00,3.00,2.75,1.80
peetri87,0.69,0.79,0.1,75,8,37.5,1.33,3,33.33,2,0,59,104,7,57.14,1,2,0,61,119,9,77.78,1.43,5,20,2,0,125,124,2,0,N/A,10,80,102,132,9,66.67,1.5,0,0,3,0,181,157,4,50,1,2,0,55,164,5,80,1,3,100,1,0,70,175,12,66.67,1.38,2,66.67,2,0,190,192,16,31.25,1,2,50,2,0,62,225,11,63.64,1,1,100,2,0,110,233,7,85.71,2.67,0,0,1,0,58,260,15,33.33,1,9,11.11,2,0,115,275,2,100,1,1,0,0,0,93,284,8,100,1.63,0,0,4,0,179,1,4,2.83,3.5,3.00,4.00,3.13,2.75,3.40
peetri88,1,1,N/A,75,8,87.5,1.43,3,33.33,2,0,100,104,7,100,1,2,0,104,119,9,88.89,1.38,5,60,2,0,173,124,2,50,1,10,40,137,132,9,100,1.33,0,0,3,0,212,157,4,75,1,2,0,105,164,5,100,1,3,33.33,1,0,58,175,12,100,1.83,2,66.67,2,0,242,192,16,93.75,1.93,2,100,2,0,243,225,11,100,1,1,0,2,0,179,233,7,100,2.57,0,0,1,0,102,260,15,73.33,1.45,9,11.11,2,0,163,275,2,100,1,1,0,0,0,93,284,8,100,1.63,0,0,4,0,126,1,2.8,3.50,3.5,3.75,3.75,2.63,3.75,3.00
peetri89,0.94,1,0.06,75,8,25,1.5,3,33.33,2,0,50,104,7,28.57,1,2,0,38,119,9,55.56,1.6,5,40,2,0,113,124,2,0,N/A,10,50,108,132,9,44.44,1.5,0,0,3,0,76,157,4,100,1,2,0,67,164,5,60,1,3,33.33,1,0,39,175,12,33.33,1,1,33.33,2,0,128,192,16,0,N/A,2,0,2,0,0,225,11,36.36,1,1,100,2,0,55,233,7,42.86,2,0,0,1,0,47,260,15,33.33,1,9,11.11,2,0,122,275,2,50,1,1,0,0,0,50,284,8,12.5,1,0,0,4,0,10,2,3.4,2.33,3.5,3.00,3.00,3.88,3.00,3.80
peetri90,0.91,0.96,0.05,75,8,37.5,1.67,3,33.33,2,0,59,104,7,0,N/A,2,0,0,119,9,44.44,1.75,5,20,2,0,58,124,2,50,1,10,30,101,132,9,66.67,1.5,0,0,3,0,127,157,4,100,1,2,0,49,164,5,100,1,3,0,1,0,53,175,12,100,1.83,2,66.67,2,0,307,192,16,6.25,1,2,0,2,0,10,225,11,54.55,1,1,0,2,0,66,233,7,85.71,2.67,0,0,1,0,125,260,15,60,1.22,9,22.22,2,0,164,275,2,100,1,1,0,0,0,50,284,8,100,1.63,0,0,4,0,118,1,2.6,3.67,3.5,4.00,4.75,3.13,3.75,3.40
peetri91,,,,75,8,75,1.5,3,0,2,0,66,104,7,28.57,1,2,0,37,119,9,44.44,1.75,5,20,2,0,70,124,2,0,N/A,10,10,29,132,9,55.56,1.6,0,0,3,0,93,157,4,25,1,2,0,61,164,5,100,1,3,0,1,0,102,175,12,83.33,1.6,0,0,2,0,245,192,16,43.75,1.57,2,50,2,0,180,225,11,54.55,1,1,100,2,0,93,233,7,0,N/A,0,0,1,0,0,260,15,0,N/A,9,0,2,0,0,275,2,100,1,1,0,0,0,63,284,8,100,1.63,0,0,4,0,132,2,3.8,4.00,2,4.00,3.50,1.88,3.25,4.00
peetri92,,,,75,8,37.5,1.33,3,33.33,2,0,52,104,7,42.86,1,2,0,37,119,9,88.89,1.38,5,80,2,0,168,124,2,0,N/A,10,60,130,132,9,100,1.33,0,0,3,0,179,157,4,100,1,2,0,47,164,5,100,1,3,66.67,1,0,44,175,12,83.33,1.6,2,66.67,2,0,213,192,16,87.5,1.86,2,100,2,0,192,225,11,81.82,1,1,100,2,0,100,233,7,71.43,2.4,0,0,1,0,70,260,15,66.67,2.1,9,0,2,0,225,275,2,100,1,1,0,0,0,95,284,8,100,1.63,0,0,4,0,135,2,4,2.17,3,4.00,4.00,2.75,3.50,3.20
peetri93,,,,75,8,62.5,1.2,3,33.33,2,0,43,104,7,100,1,2,0,79,119,9,88.89,1.38,5,20,2,0,144,124,2,50,1,10,50,87,132,9,77.78,1.43,0,0,3,0,153,157,4,75,1,2,0,36,164,5,100,1,3,33.33,1,0,47,175,12,58.33,1.71,1,33.33,2,0,117,192,16,56.25,1.67,2,0,2,0,166,225,11,100,1,1,100,2,0,115,233,7,42.86,2.67,0,0,1,0,53,260,15,80,1.75,9,22.22,2,0,213,275,2,100,1,1,0,0,0,56,284,8,100,1.63,0,0,4,0,130,2,3.6,3.00,2.5,3.00,3.00,3.00,3.00,3.00
peetri94,0.92,1,0.08,75,8,37.5,1.33,3,33.33,2,0,53,104,7,57.14,1,2,0,55,119,9,77.78,1.43,5,60,2,0,134,124,2,0,N/A,10,70,125,132,9,0,N/A,0,0,3,0,0,157,4,100,1,2,0,41,164,5,100,1,3,100,1,0,79,175,12,91.67,1.73,3,100,2,0,201,192,16,75,1.67,2,50,2,0,171,225,11,81.82,1,1,100,2,0,111,233,7,0,N/A,0,0,1,0,0,260,15,40,1,9,11.11,2,0,118,275,2,100,1,1,0,0,0,63,284,8,100,1.63,0,0,4,0,146,1,3.8,2.50,4.5,4.00,4.00,4.13,3.25,3.60
peetri96,0.66,0.74,0.08,75,8,37.5,1.33,3,33.33,2,0,47,104,7,57.14,1,2,0,48,119,9,77.78,1.43,5,60,2,0,154,124,2,50,1,10,50,89,132,9,44.44,1.75,0,0,3,0,79,157,4,100,1,2,0,43,164,5,100,1,3,33.33,1,0,58,175,12,100,1.83,2,66.67,2,0,222,192,16,93.75,1.93,2,100,2,0,216,225,11,100,1,1,100,2,0,143,233,7,85.71,2.5,0,0,1,0,110,260,15,0,N/A,9,0,2,0,0,275,2,100,1,1,0,0,0,64,284,8,100,1.63,0,0,4,0,132,1,3.2,3.00,3,3.50,3.50,3.63,3.75,2.60
peetri97,0.98,0.98,N/A,75,8,87.5,1.43,3,33.33,2,0,63,104,7,42.86,1,2,0,41,119,9,55.56,1.6,5,60,2,0,89,124,2,0,N/A,10,50,53,132,9,66.67,1.5,0,0,3,0,152,157,4,100,1,2,0,74,164,5,40,1,3,33.33,1,0,34,175,12,25,1,1,33.33,2,0,87,192,16,37.5,1,2,50,2,0,97,225,11,100,1,1,0,2,0,254,233,7,42.86,2,0,0,1,0,24,260,15,40,1,9,22.22,2,0,139,275,2,100,1,1,0,0,0,100,284,8,0,N/A,0,0,4,0,0,1,3.2,2.17,2.5,3.75,3.75,3.00,3.00,4.00
peetri98,,,,75,8,25,1.5,3,0,2,0,52,104,7,14.29,1,2,0,4,119,9,44.44,1.75,5,0,2,0,82,124,2,0,N/A,10,0,7,132,9,22.22,1.5,0,0,3,0,73,157,4,50,1,2,0,42,164,5,60,1,3,0,1,0,71,175,12,75,1.78,1,33.33,2,0,354,192,16,6.25,1,2,0,2,0,12,225,11,81.82,1,1,100,2,0,191,233,7,14.29,2,0,0,1,0,16,260,15,73.33,1.45,9,11.11,2,0,268,275,2,100,1,1,0,0,0,59,284,8,100,1.63,0,0,4,0,160,2,,3.17,2.5,4.75,4.00,3.00,3.50,4.00
